Original_Text,NLTK_Output,spaCy_Output,NLTK_Lemma_Rating_1_to_5,spaCy_Lemma_Rating_1_to_5,NLTK_POS_Correct_Y_N,spaCy_POS_Correct_Y_N,spaCy_NER_Correct_Y_N,Notes
@SouthwestAir booked the 8th.... Save me an emergency exit... Gotta stretch out,book save emergency exit get stretch,book save emergency exit get stretch,,,,,,
@united a rapid trip plane ticket from Idaho to California that doesn't have problems would be wonderful,rapid trip plane ticket idaho california not problem would wonderful,rapid trip plane ticket idaho california not problem wonderful,,,,,,
@USAirways would have been nice to be offered in flight credit. Especially since I'm staring at empty overhead room.,would nice offer flight credit especially since star empty overhead room,nice offer flight credit especially stare overhead room,,,,,,
@JetBlue okayyyy. But I had huge irons on way out. Promise no shenanigans?,okayy huge iron way promise no shenanigan,okayy huge iron way promise no shenanigan,,,,,,
@united I know where to check. My complaint is my ticket said dinner when I booked now it's changed to refreshments. Where's my refund?,know check complaint ticket say dinner book change refreshment refund,know check complaint ticket say dinner book change refreshment refund,,,,,,
@united Flight 1547 CMH to ORD just arrived at gate. Next segment to YVR already boarding. Will they hold it?,flight cmh ord arrive gate next segment yvr already board hold,flight cmh ord arrive gate segment yvr board hold,,,,,,
@USAirways the ads on your phone systems when waiting for a rep is the most annoying thing ever especially when waiting for over 10 mins...,ad phone system wait rep annoy thing ever especially wait min,ad phone system wait rep annoying thing especially wait min,,,,,,
@SouthwestAir how often are airplane seats/tray tables cleaned and sanitized? rather have air purifier and clean seats than #wifi 😷😱,often airplane seat tray table clean sanitize rather air purifier clean seat wifi face medical mask face scream fear,airplane seat tray table clean sanitize air purifier clean seat wifi face medical mask face scream fear,,,,,,
Bruh “@VirginAmerica: @giannilee Turn down for what. #VXSafetyDance”,bruh turn vxsafetydance,bruh turn vxsafetydance,,,,,,
@USAirways Flight Booking Problems a flight using credit from a previously Cancelled Flightled flight. Can't get thru on the phone and can't book online. Help please.,flight book problem flight use credit previously cancel flightled flight not get thru phone not book online help please,flight booking problem flight credit previously cancel flightle flight not phone not book online help,,,,,,
"@USAirways was on hold for four hours, never got connected. Came to the airport and your rep essentially told me and everyone else to screw",hold four hour never get connect come airport rep essentially tell everyone else screw,hold hour never get connect come airport rep essentially tell screw,,,,,,
@united I will give it a couple more weeks. Thank you.,give couple week thank,couple week thank,,,,,,
@JetBlue why are there so many delays to north east cities?,many delay north east city,delay north east city,,,,,,
"@JetBlue flight was Cancelled Flighted. Do I need to file a claim for the $50 credit I'm entitled to per yr bill of rights, or will it just be issued?",flight cancel flighted need file claim credit entitle per yr bill right issue,flight cancel flighted need file claim credit entitle yr bill right issue,,,,,,
@USAirways I did not want to hang out on your plane all day when I am traveling to get work done and turn right back around. Unacceptable,not want hang plane day travel get work do turn right back around unacceptable,not want hang plane day travel work turn right unacceptable,,,,,,
"@AmericanAir thanks for the call on my Cancelled Flightled flight, NOT!  Flight Booking Problems me for Tues no good weather caused me 2 leave early",thanks call cancel flightled flight not flight book problem tues no good weather cause leave early,thank cancel flightle flight not flight booking problem tue no good weather cause leave early,,,,,,
"@SouthwestAir Problem is, I wasn't issued a position until today at the gate. And no option to upgrade. Not good when you're 6'4.",problem not issue position today gate no option upgrade not good,problem not issue position today gate no option upgrade not good,,,,,,
"@VirginAmerica @ladygaga @carrieunderwood all are great , but I have to go with #CarrieUnderwood 😍👌",great go carrieunderwood smile face heart eye hand,great carrieunderwood smile face heart eye hand,,,,,,
@USAirways is useless airways. Day 2 trying to get home on standby as a result of their Cancelled Flightlation. #USAirways,useless airway day try get home standby result cancel flightlation usairways,useless airways day try home standby result cancel flightlation usairway,,,,,,
Made it to #Costa #Rica and back @JetBlue Missing it already!  #Pura #Vida!,make costa rica back miss already pura vida,costa rica miss pura vida,,,,,,
@USAirways @AmericanAir 2 trips in a row with missing luggage. Just like last time. I pay for baggage to be transported.,trip row miss luggage like last time pay baggage transport,trip row miss luggage like time pay baggage transport,,,,,,
"@AmericanAir really needs to get a a clue and start treating people like humans, not animals.  #americandairlinesSUCKS",really need get clue start treat people like human not animal americandairlinessucks,need clue start treat people like human not animal americandairlinessuck,,,,,,
@united followed and messaged. Thanks so much for the help.,follow message thanks much help,follow message thank help,,,,,,
@AmericanAir fortunately the window seat was a no-show. Able to scoot over and create space.,fortunately window seat no show able scoot create space,fortunately window seat no able scoot create space,,,,,,
@united I tried 2 DM it would not go thru... not sure why,tried dm would not go thru not sure,try dm not not sure,,,,,,
@USAirways already did it. One person said they couldn't do anything another said she didn't know why the first person we talked 2 said that,already one person say could not anything another say not know first person talk say,person say not say not know person talk say,,,,,,
"@united Both flights went great and improved my view of your airline, cheers! Flight attendents on UA1022 deserve a raise",flight go great improved view airline cheer flight attendents deserve raise,flight go great improve view airline cheer flight attendent deserve raise,,,,,,
"@AmericanAir actually, online indicates the only seating available is at a premium cost..why not allow seat selection at time of purchase",actually online indicates seat available premium cost not allow seat selection time purchase,actually online indicate seating available premium cost not allow seat selection time purchase,,,,,,
@united just filled it out. Hope someone responds before we book our next trip.,fill hope someone respond book next trip,fill hope respond book trip,,,,,,
@united big up the pilot of 644 for turning 1hr on the tarmac to just a 20min delayed arrival,big pilot turn tarmac delay arrival,big pilot turn tarmac delay arrival,,,,,,
"@USAirways DCA-&gt;HPN, u r prof hostage takers.We stood on bus 2 plane for 25 min,now sitting on plane with no mvmt &amp; 1 announcement 4 &gt; hour!",dca gt hpn r prof hostage taker stand bus plane min sit plane no mvmt announcement gt hour,dca gt hpn r prof hostage taker stand bus plane min sit plane no mvmt announcement gt hour,,,,,,
@SouthwestAir this was the 3rd Cancelled Flightlation in 2 days due to weather in Nashville. 3 trips to the airport. Each time communicated Late Flight by SW,cancel flightlation day due weather nashville trip airport time communicate late flight sw,cancel flightlation day weather nashville trip airport time communicate late flight sw,,,,,,
@united in spite of flight delay great customer service provided by Janet and baggage employee Karen. You have 2 wonderful employees United.,spite flight delay great customer service provide janet baggage employee karen wonderful employee unite,spite flight delay great customer service provide janet baggage employee karen wonderful employee unite,,,,,,
"@united screwed up our reservation- they assigned a new # to just one of us &amp; when they changed our flight, only changed the original #.",screw reservation assign new one u change flight change original,screw reservation assign new change flight change original,,,,,,
@JetBlue Crisis averted! Flight #69 from BOS to FLL is boarding. Let's hope the new pilots aren't Clarence Oveur and Roger Murdock. :-),crisis avert flight bos fll board let u hope new pilot not clarence oveur roger murdock,crisis avert flight bos fll boarding let hope new pilot not clarence oveur roger murdock,,,,,,
@JetBlue service for baggage at JFK is incomprehensible. No employee knows where our luggage is frM flight 424 LAX to NYC ITS AN HR WAIT NOW,service baggage jfk incomprehensible no employee know luggage frm flight lax nyc hr wait,service baggage jfk incomprehensible no employee know luggage frm flight lax nyc hr wait,,,,,,
@United also ran out of water and refused service #costumerservice #legit #jk,also ran water refuse service costumerservice legit jk,run water refuse service costumerservice legit jk,,,,,,
"@united considering I'm now stuck in Newark with virtually sleep in 30+ hours, I doubt it :/ hope car rentals are available",consider stuck newark virtually sleep hour doubt hope car rental available,consider stick newark virtually sleep hour doubt hope car rental available,,,,,,
@USAirways My wife had flight changes due to weather now she cant checkin to her return flight and it fails Is it possible usair Cancelled Flightled,wife flight change due weather not checkin return flight fail possible usair cancel flightled,wife flight change weather not checkin return flight fail possible usair cancel flightle,,,,,,
@JetBlue thank you for the information.,thank information,thank information,,,,,,
@USAirways oh I got right through to an agent. They just kept putting me on hold and still didn't fix the problem,oh get right agent keep put hold still not fix problem,oh get right agent keep put hold not fix problem,,,,,,
"@SouthwestAir 14 hours????  Sorry don't get it. Oh well. Screw the weekend in Az right?  Eat the hotel, no problem.",hour sorry not get oh well screw weekend az right eat hotel no problem,hour sorry not oh screw weekend az right eat hotel no problem,,,,,,
@united From the air: Another missed cnxn 2day. ATC went on strike in Belize this AM. Now family &amp; I miss cnxn in EWR. Please see my DMs.,air another miss cnxn atc go strike belize family miss cnxn ewr please see dm,air miss cnxn atc go strike belize family miss cnxn ewr dms,,,,,,
@SouthwestAir i hope i can take my selfie stick on the plane today! #goingtovegas,hope take selfie stick plane today goingtovegas,hope selfie stick plane today goingtovegas,,,,,,
@AmericanAir but the issue is were waiting on rampers to close the door..only to waste more fuel&amp;likely to be told we need more fuel.#cycle,issue wait rampers close door waste fuel likely tell need fuel cycle,issue wait ramper close door waste fuel likely tell need fuel cycle,,,,,,
"@USAirways: I relied on US Airways, and that was my mistake. Awful customer experience.",rely u airway mistake awful customer experience,rely airways mistake awful customer experience,,,,,,
"@SouthwestAir cool the plane you said is ours that just left the terminal for a diff city? She a cold betch for ""flying the friendly skies""",cool plane say left terminal different city cold betch fly friendly sky,cool plane say leave terminal different city cold betch fly friendly sky,,,,,,
@AmericanAir I know. Just a little cold weather humor. :),know little cold weather humor,know little cold weather humor,,,,,,
@united I know this is probably a no but is there a way to get a cheaper airfare ticket if the flight is leaving in a few hours? 🙏,know probably no way get cheap airfare ticket flight leave hour fold hand,know probably no way cheap airfare ticket flight leave hour fold hand,,,,,,
You know what ... RT “@JetBlue: Our fleet's on fleek. http://t.co/WJYAs2D94n”,know fleet fleek,know fleet s fleek,,,,,,
"@AmericanAir if business class if full but 1st class empty, do you guys upgrade EXP members to 1st?",business class full class empty guy upgrade exp member,business class class guy upgrade exp member,,,,,,
"@VirginAmerica another perfect flight.   How come on your planes,  the sun visors can stay down?  Other carriers make you raise them?",another perfect flight come plane sun visor stay carrier make raise,perfect flight come plane sun visor stay carrier raise,,,,,,
"@AmericanAir we are waiting flight 919 !
We are at JFK for about 24h !! #NewYork #919 #viracopos #AmericanAirlines http://t.co/3FheS0lPMU",wait flight jfk newyork viracopos americanairlines,wait flight jfk newyork viracopos americanairline,,,,,,
@AmericanAir another day another grievance with this airline. No customer service,another day another grievance airline no customer service,day grievance airline no customer service,,,,,,
@AmericanAir #last #flight #ever on #AA. You botched this weather delay to the point of absurdity. I'd pay more to fly @Delta,last flight ever aa botch weather delay point absurdity would pay fly,flight aa botch weather delay point absurdity pay fly,,,,,,
@AmericanAir I have not. There's no option for even getting a call back!,not no option even get call back,not no option get,,,,,,
@USAirways I hope flight 1855 is not being delayed because flight attendant didn't come to work! #nobackup,hope flight not delayed flight attendant not come work nobackup,hope flight not delay flight attendant not come work nobackup,,,,,,
@united any chance you'll ever do CPUs on your JFK-LAX like @AmericanAir?,chance ever cpus jfk lax like,chance cpus jfk lax like,,,,,,
@AmericanAir - keeping AA up in the Air! My crew chief cousin Alex Espinosa in DFW! http://t.co/0HXLNvZknP,keep aa air crew chief cousin alex espinosa dfw,keep aa air crew chief cousin alex espinosa dfw,,,,,,
"Awesome! RT @VirginAmerica: Watch nominated films at 35,000 feet. #MeetTheFleet #Oscars http://t.co/DnStITRzWy",awesome watch nominate films foot meetthefleet oscar,awesome watch nominate film foot meetthefleet oscar,,,,,,
"@united really fucked my day up Hilo to LAX 2hr30min delay because of software? missed connection, getting home 8hrs Late Flightr no upgrade nothin",really fuck day hilo lax delay software miss connection get home late flightr no upgrade nothin,fuck day hilo lax delay software miss connection get home late flightr no upgrade nothin,,,,,,
@AmericanAir served the nastiest food Ive ever seen yesterday.Rubber chicken in slime. The ENTIRE cabin sent their food back.FAs can confirm,serve nasty food ever see yesterday rubber chicken slime entire cabin send food back fas confirm,serve nasty food see yesterday rubber chicken slime entire cabin send food fas confirm,,,,,,
"@AmericanAir obviously we did see an agent-booked us for tomorrow morning. No hotel, no transportation. #pregnantwithtwins #stranded #angry",obviously see agent book u tomorrow morning no hotel no transportation pregnantwithtwins strand angry,obviously agent book tomorrow morning no hotel no transportation pregnantwithtwin strand angry,,,,,,
"@AmericanAir Yes, but should be able to get a push notification via the app if I’m logged in and on a trip. Email/text is so 2010 😥.",yes able get push notification app log trip email text sad relieve face,yes able push notification app log trip email text sad relieved face,,,,,,
@SouthwestAir nice touch on the passbook integration!,nice touch passbook integration,nice touch passbook integration,,,,,,
@JetBlue to allow payment by #Apple Pay - Patriarc http://t.co/bdUaUZFhW2,allow payment apple pay patriarc,allow payment apple pay patriarc,,,,,,
"@VirginAmerica thank goodness!! Also, see you friday, nwk&gt;sf.. BOOM!",thank goodness also see friday nwk gt sf boom,thank goodness friday nwk gt sf boom,,,,,,
@USAirways Bag policy says stroller OR car seat.  We need to bring 2 car seats and 1 stroller.  Should I just call for details?,bag policy say stroller car seat need bring car seat stroller call detail,bag policy say stroller car seat need bring car seat stroller detail,,,,,,
@united the staff was rather efficient and got us solutions just freaked me out a little being in limbo in the air.,staff rather efficient get u solution freak little limbo air,staff efficient get solution freak little limbo air,,,,,,
@JetBlue thanks for your prompt response. I know you put safety first. Unfortunately will hit freezing rain/sleet on ride home.,thanks prompt response know put safety first unfortunately hit freeze rain sleet ride home,thank prompt response know safety unfortunately hit freeze rain sleet ride home,,,,,,
"@USAirways - had to call to find out I was re-booked tomorrow, why ask for my number an email for day of info",call find book tomorrow ask number email day info,find book tomorrow ask number email day info,,,,,,
"@AmericanAir I have been trying to speak with an agent the whole day about my Cancelled Flightled flight, what I can do?",try speak agent whole day cancel flightled flight,try speak agent day cancel flightle flight,,,,,,
@USAirways an award travel ticket but cannot since it is under a different last name. I simply need to change it,award travel ticket not since different last name simply need change,award travel ticket not different simply need change,,,,,,
@SouthwestAir : Hello..are flights taking off from @DallasLoveField airport this noon. Am supposed to travel on flight 376 to San antonio,hello flight take airport noon suppose travel flight san antonio,hello flight take airport noon suppose travel flight san antonio,,,,,,
@SouthwestAir please please please answer the phone. . .,please please please answer phone,answer phone,,,,,,
"@VirginAmerica Beats EPS Views, Takes On #SouthwestAir VA LUV - Investor's Business Daily http://t.co/FLwmGDAHxu",beat eps view take southwestair va love investor business daily,beats eps view take southwestair va love investor s business daily,,,,,,
@AmericanAir are flights leaving Dallas right now? In Maui trying to figure out how delayed flight 7 is going to be,flight leave dallas right maui try figure delay flight go,flight leave dallas right maui try figure delay flight go,,,,,,
@USAirways yes. But the manner with which it was done was harsh for those affected. Already checked in. No remorse. Weak alternatives.,yes manner do harsh affect already check no remorse weak alternative,yes manner harsh affect check no remorse weak alternative,,,,,,
@united Brandi Zabsonre in Denver deserves a raise for bringing delight into a terrible travel situation. big ups http://t.co/TK3aOpdtSQ,brandi zabsonre denver deserve raise bring delight terrible travel situation big ups,brandi zabsonre denver deserve raise bring delight terrible travel situation big up,,,,,,
@AmericanAir I was told I had a 20minute wait time after waiting hours. And an hour has gone by. This is ridiculous,tell wait time wait hour hour go ridiculous,tell wait time wait hour hour go ridiculous,,,,,,
@united such a relaxing space for a drink before my flight! (at @United Global First Lounge) https://t.co/j4cj0lrF2d http://t.co/dTLGUQ1kAk,relax space drink flight global first lounge,relax space drink flight global lounge,,,,,,
@AmericanAir This is getting a bit ridiculous when and you have made me miss 2 full days off work and had to pay for cabs back and forth,get bit ridiculous make miss full day work pay cab back forth,get bit ridiculous miss day work pay cab forth,,,,,,
"@JetBlue even tho the extra 5 lbs are still going on the plane, just as a carry on. Where is the sense? What do you say to fat people?",even though extra lb still go plane carry sense say fat people,extra lbs go plane carry sense fat people,,,,,,
@united !!!!! YAAYY!!! YAY PROM!!!! http://t.co/DXicoyioxF,yaayy yay prom,yaayy yay prom,,,,,,
@AmericanAir I really wanted to sign up for your airline credit card but your absurd $400 change fee to switch my flight made me think twice,really wanted sign airline credit card absurd change fee switch flight make think twice,want sign airline credit card absurd change fee switch flight think twice,,,,,,
"@AmericanAir even when I did get through, no one knew anything about my bag. This is ridiculous, I still don't have my bag from Saturday.",even get no one know anything bag ridiculous still not bag saturday,no know bag ridiculous not bag saturday,,,,,,
@AmericanAir my husband and 5 year old son stuck overnight in DC thanks to 7 crew members arguing over who was boarding the flight,husband year old son stick overnight dc thanks crew member argue board flight,husband year old son stick overnight dc thank crew member argue board flight,,,,,,
@united They inquire and then do nothing about it...pretend they’re interested. Responded to your DM and no response back...,inquire nothing pretend interested respond dm no response back,inquire pretend interested respond dm no response,,,,,,
@AmericanAir I wrote down the evoucher number. I got rid of the voucher when I purchased air fair,write evoucher number get rid voucher purchase air fair,write evoucher number get rid voucher purchase air fair,,,,,,
@united Gold Star for united- change my flight- miss all connections- but can't accommodate me until a MUCH Late Flightr arrival time-Not HAPPY!,gold star united change flight miss connection not accommodate much late flightr arrival time not happy,gold star united change flight miss connection not accommodate late flightr arrival time not happy,,,,,,
@united the wait time for a baggage question is 60 minutes that's crazy is there a limit to the amount of bags I can bring internationally,wait time baggage question minute crazy limit amount bag bring internationally,wait time baggage question minute crazy limit bag bring internationally,,,,,,
@united I'm extremely disappointed w my service for this trip as a #United #MileagePlus Explorer Card holder.,extremely disappointed w service trip united mileageplus explorer card holder,extremely disappointed w service trip united mileageplus explorer card holder,,,,,,
@AmericanAir there are no more flights via united when I arrive to DFW and my car is parked at IAH 😁,no flight unite arrive dfw car park iah beam face smile eye,no flight united arrive dfw car park iah beam face smile eye,,,,,,
@USAirways it's vegas baby who doesn't have a good time in vegas lol,vega baby not good time vega lol,vegas baby not good time vegas lol,,,,,,
@united thank you for following up!,thank follow,thank follow,,,,,,
@USAirways Thank you. And thanks for being so accommodating.,thank thanks accommodate,thank thank accommodate,,,,,,
@southwestair Amazing view on the approach to LAX tonight. http://t.co/a68d5fULmH,amaze view approach lax tonight,amazing view approach lax tonight,,,,,,
"@JetBlue disappointed that my flight back to boston from PR was Cancelled Flightled,rebooked 4 the next day,delayed that one too, and no compensation",disappointed flight back boston pr cancel flightled rebooked next day delay one no compensation,disappoint flight boston pr cancel flightle rebooke day delay no compensation,,,,,,
@SouthwestAir why must the 4:45pm nonstop BOS-BNA flight stop running after August 7???,must nonstop bos bna flight stop running august,nonstop bos bna flight stop run august,,,,,,
@united I've filed the claim but have no way of calling for updates. Is there another way to do this?,file claim no way call update another way,file claim no way call update way,,,,,,
