Sentiment,Tweet
positive,@SouthwestAir you're my early frontrunner for best airline! #oscars2016
positive,"@usairways great crew for flight 504 PHX to YVR tonight! Friendly, efficient. Awesome job."
positive,@SouthwestAir Already signed up!  Thanks!  Looking forward to trying the Southwest experience.
positive,@USAirways Oh well. I'll get to Cancun eventually.
positive,@SouthwestAir thanks for the quick response. Should I call daily it wait the 5 days.
negative,@USAirways how is it that my flt to EWR was Cancelled Flightled yet flts to NYC from USAirways are still flying?
negative,@JetBlue what is going on with your BDL to DCA flights yesterday and today?! Why is every single one getting delayed?
negative,@JetBlue I can probably find some of them. Are the ticket #s on there?
negative,@united still waiting to hear back. My wallet was stolen from one of your planes so would appreciate a resolution here
negative,@united Yes my flight was rebooked. I'm just losing trust in you if I want to get anywhere on time.
neutral,"@JetBlue do they have to depart from Washington, D.C.??"
neutral,@JetBlue Thank you ! What about Paris ? Could we arrange something from there ?
neutral,@SouthwestAir I DM'd you
neutral,@SouthwestAir it was 3472
neutral,@JetBlue 266 at LGB in Sunny So Cal http://t.co/V015PK7DSi
