File,Size_KB
benchmark.py,1.04
benchmark_report.txt,2.42
benchmark_results.csv,0.47
entity_frequency.csv,0.2
main.py,0.46
nltk_pipeline.py,1.33
preprocessing_comparison.csv,0.35
preprocessing_library.py,1.26
quality_review_100_samples.csv,23.32
README.md,1.98
requirements.txt,0.09
screenshots\dependency_parse_example.png,34.27
screenshots\named_entity_frequency.png,32.07
screenshots\nltk_pos_distribution.png,61.93
screenshots\processing_time_comparison.png,20.39
screenshots\spacy_pos_distribution.png,67.1
screenshots\stemming_lemmatization_comparison.png,18.51
screenshots\stopword_removal_impact.png,17.91
screenshots\token_count_distribution.png,23.79
screenshots\tweet_length_distribution.png,38.47
screenshots\vocabulary_overlap.png,34.35
spacy_pipeline.py,0.87
stemming_vs_lemmatization.csv,0.38
vocabulary_statistics.csv,0.06
