Text,NLTK,Split,NLTK_Count,Split_Count
you are my early frontrunner for best airline oscars2016,you | are | my | early | frontrunner | for | best | airline | oscars2016,you | are | my | early | frontrunner | for | best | airline | oscars2016,9,9
how is it that my flt to ewr was cancelled flightled yet flts to nyc from usairways are still flying,how | is | it | that | my | flt | to | ewr | was | cancelled | flightled | yet | flts | to | nyc | from | usairways | are | still | flying,how | is | it | that | my | flt | to | ewr | was | cancelled | flightled | yet | flts | to | nyc | from | usairways | are | still | flying,20,20
what is going on with your bdl to dca flights yesterday and today why is every single one getting delayed,what | is | going | on | with | your | bdl | to | dca | flights | yesterday | and | today | why | is | every | single | one | getting | delayed,what | is | going | on | with | your | bdl | to | dca | flights | yesterday | and | today | why | is | every | single | one | getting | delayed,20,20
do they have to depart from washington d c,do | they | have | to | depart | from | washington | d | c,do | they | have | to | depart | from | washington | d | c,9,9
i can probably find some of them are the ticket s on there,i | can | probably | find | some | of | them | are | the | ticket | s | on | there,i | can | probably | find | some | of | them | are | the | ticket | s | on | there,13,13
still waiting to hear back my wallet was stolen from one of your planes so would appreciate a resolution here,still | waiting | to | hear | back | my | wallet | was | stolen | from | one | of | your | planes | so | would | appreciate | a | resolution | here,still | waiting | to | hear | back | my | wallet | was | stolen | from | one | of | your | planes | so | would | appreciate | a | resolution | here,20,20
yes my flight was rebooked i am just losing trust in you if i want to get anywhere on time,yes | my | flight | was | rebooked | i | am | just | losing | trust | in | you | if | i | want | to | get | anywhere | on | time,yes | my | flight | was | rebooked | i | am | just | losing | trust | in | you | if | i | want | to | get | anywhere | on | time,20,20
thank you what about paris could we arrange something from there,thank | you | what | about | paris | could | we | arrange | something | from | there,thank | you | what | about | paris | could | we | arrange | something | from | there,11,11
not sure however my ticket included one checked bag therefore this charge was extra and completely unanticipated,not | sure | however | my | ticket | included | one | checked | bag | therefore | this | charge | was | extra | and | completely | unanticipated,not | sure | however | my | ticket | included | one | checked | bag | therefore | this | charge | was | extra | and | completely | unanticipated,17,17
great crew for flight phx to yvr tonight friendly efficient awesome job,great | crew | for | flight | phx | to | yvr | tonight | friendly | efficient | awesome | job,great | crew | for | flight | phx | to | yvr | tonight | friendly | efficient | awesome | job,12,12
i have been on hold to change a date on a ticket for over hours can someone please assist me unacceptable,i | have | been | on | hold | to | change | a | date | on | a | ticket | for | over | hours | can | someone | please | assist | me | unacceptable,i | have | been | on | hold | to | change | a | date | on | a | ticket | for | over | hours | can | someone | please | assist | me | unacceptable,21,21
i dm d you,i | dm | d | you,i | dm | d | you,4,4
already signed up thanks looking forward to trying the southwest experience,already | signed | up | thanks | looking | forward | to | trying | the | southwest | experience,already | signed | up | thanks | looking | forward | to | trying | the | southwest | experience,11,11
it was,it | was,it | was,2,2
oh well i will get to cancun eventually,oh | well | i | will | get | to | cancun | eventually,oh | well | i | will | get | to | cancun | eventually,8,8
flight passengers stuck on plane in philly where is the gangway we cannot hear the pilot,flight | passengers | stuck | on | plane | in | philly | where | is | the | gangway | we | can | not | hear | the | pilot,flight | passengers | stuck | on | plane | in | philly | where | is | the | gangway | we | cannot | hear | the | pilot,17,16
no had already waited an hour for it and wanted to get home,no | had | already | waited | an | hour | for | it | and | wanted | to | get | home,no | had | already | waited | an | hour | for | it | and | wanted | to | get | home,13,13
thanks for the quick response should i call daily it wait the days,thanks | for | the | quick | response | should | i | call | daily | it | wait | the | days,thanks | for | the | quick | response | should | i | call | daily | it | wait | the | days,13,13
now we do not have enough money for parking in your garage this is your fault and i am not paying for what should be 10mins into 3hrs,now | we | do | not | have | enough | money | for | parking | in | your | garage | this | is | your | fault | and | i | am | not | paying | for | what | should | be | 10mins | into | 3hrs,now | we | do | not | have | enough | money | for | parking | in | your | garage | this | is | your | fault | and | i | am | not | paying | for | what | should | be | 10mins | into | 3hrs,28,28
at lgb in sunny so cal,at | lgb | in | sunny | so | cal,at | lgb | in | sunny | so | cal,6,6
